Cittadinanza;Genere;1987;1988;1989;1990;1991;1992;1993;1994;1995;1996;1997;1998;1999;2000;2001;2002;2003;2004;2005;2006;2007;2008;2009;2010;2011;2012;2013;2014
Apolide;Maschi;53;49;48;44;0;0;35;35;33;31;30;29;27;26;25;19;9;8;9;10;9;10;11;12;13;11;11;11
Arabia Saudita;Femmine;2;2;2;2;2;0;0;0;0;0;0;0;0;0;0;0;0;0;0;0;0;0;0;0;0;1;1;1
Arabia Saudita;Maschi;5;5;5;5;4;0;4;4;4;4;5;4;5;5;5;5;1;1;2;3;3;3;3;3;2;2;2;2
Area Ex-Urss;Femmine;22;33;36;49;97;0;129;152;0;0;0;0;0;0;0;0;0;0;0;0;0;0;0;0;0;0;0;0
Area Ex-Urss;Maschi;24;26;27;31;54;0;65;77;0;0;0;0;0;0;0;0;0;0;0;0;0;0;0;0;0;0;0;0
Argentina;Femmine;173;188;197;242;221;307;287;287;283;275;278;293;290;290;322;323;221;282;299;315;298;276;287;314;329;353;337;257
Argentina;Maschi;203;213;214;259;191;294;285;282;282;266;267;279;287;295;304;331;197;224;253;256;254;249;256;268;289;308;289;223
Armenia;Femmine;0;0;0;0;0;0;0;0;0;0;1;3;3;5;7;7;6;5;8;9;10;11;11;18;22;25;29;26
Armenia;Maschi;0;0;0;0;0;0;0;0;0;0;1;1;3;4;5;7;6;7;13;13;15;14;15;18;20;21;25;23
Australia;Femmine;48;49;52;47;32;0;59;58;63;61;66;70;71;77;86;90;52;64;69;74;73;79;77;80;87;88;90;63
Australia;Maschi;37;39;41;41;21;0;50;53;55;63;63;65;65;70;70;65;28;31;37;40;41;42;44;46;58;60;62;48
Austria;Femmine;300;300;292;299;174;287;281;296;297;296;296;325;324;324;331;324;211;211;219;214;208;217;231;227;225;240;226;189
Austria;Maschi;242;247;237;232;108;219;214;211;205;203;196;208;205;203;212;194;113;115;122;120;117;124;134;138;136;138;120;92
Azerbaigian;Femmine;0;0;0;0;0;0;0;0;0;0;0;1;0;2;11;10;9;6;12;14;14;12;12;13;14;14;15;15
Azerbaigian;Maschi;0;0;0;0;0;0;0;0;1;1;1;1;1;3;8;8;7;3;8;8;9;10;14;13;10;11;10;9
Bahama;Femmine;1;1;1;1;0;0;1;1;2;2;2;2;2;2;2;2;0;0;0;0;0;0;0;1;1;2;2;2
Bahama;Maschi;0;0;0;0;1;0;0;0;0;0;0;0;0;0;0;0;0;0;0;0;0;0;0;0;0;0;0;0
Bangladesh;Femmine;3;3;4;5;6;0;9;14;25;37;62;125;158;189;239;272;291;334;445;556;603;654;847;943;1101;1234;1350;1504
Bangladesh;Maschi;11;13;14;16;87;0;309;317;312;321;416;587;655;931;1262;1254;997;1659;1823;1891;1938;2022;2473;2920;3637;4754;5334;5883
Barbados;Femmine;0;0;0;0;0;0;0;0;0;0;0;0;0;0;0;0;0;0;0;0;0;1;1;1;1;1;2;1
Barbados;Maschi;0;0;0;0;0;0;0;0;0;0;0;0;1;1;1;1;1;1;1;1;1;1;1;1;0;0;0;0
Belgio;Femmine;143;143;146;149;83;0;163;165;176;188;193;200;203;212;224;221;129;145;164;156;165;172;177;179;181;188;165;135
Belgio;Maschi;109;106;100;103;48;0;107;119;126;124;146;150;157;164;184;183;101;101;112;112;112;116;121;127;129;131;111;106
Belize;Femmine;0;0;0;0;0;0;0;0;0;0;0;0;0;1;1;1;0;0;0;0;0;0;0;0;0;0;0;0
Belize;Maschi;0;0;0;0;0;0;0;0;0;0;0;0;0;2;1;0;0;0;0;0;0;0;0;0;0;0;0;0
Benin (Dahomey);Femmine;0;0;0;0;2;0;2;5;5;5;8;9;9;9;9;13;4;3;6;6;8;7;6;8;8;10;13;14
Benin (Dahomey);Maschi;1;1;1;1;1;0;5;7;8;7;7;7;10;11;10;13;6;8;9;10;9;6;8;8;11;16;13;15
Bhutan;Maschi;0;0;0;0;0;0;0;0;0;0;0;1;1;1;1;1;0;0;0;0;0;0;0;0;0;0;0;1
Bielorussia;Femmine;0;0;0;0;0;0;0;0;1;2;3;4;3;5;7;14;17;32;52;65;70;74;89;111;147;189;207;229
Bielorussia;Maschi;0;0;0;0;0;0;0;0;0;0;0;0;1;3;5;4;5;7;8;13;14;14;16;19;22;28;30;36
Bolivia;Femmine;9;13;13;12;36;0;26;24;23;24;28;37;39;53;59;68;69;183;259;301;328;359;492;772;1099;1283;1346;1338
Bolivia;Maschi;8;6;6;8;25;0;26;22;20;19;23;29;32;44;49;51;43;118;152;182;202;223;295;434;596;745;809;852
Bosnia-Erzegovina;Femmine;0;0;0;0;0;0;2;21;55;67;74;84;88;104;119;129;82;95;105;116;117;117;122;118;112;152;149;141
Bosnia-Erzegovina;Maschi;0;0;0;0;0;0;2;20;55;70;79;88;93;115;122;120;78;102;114;120;129;125;121;123;116;138;133;129
Brasile;Femmine;212;248;281;378;368;567;628;677;740;777;854;1040;1056;1154;1244;1251;977;1214;1545;1607;1619;1621;1803;2007;2242;2472;2360;2007
Brasile;Maschi;155;178;190;243;200;333;394;419;433;424;493;629;651;710;791;811;553;748;1035;995;993;967;1064;1157;1256;1402;1325;981
Bulgaria;Femmine;39;42;44;46;44;0;86;96;97;117;134;185;212;275;305;320;280;405;457;493;559;637;720;838;895;1035;1006;970
Bulgaria;Maschi;42;48;47;47;35;0;61;70;83;96;123;170;192;271;321;329;279;414;458;480;520;556;604;652;675;751;698;579
Burkina Faso (Alto Volta);Femmine;0;0;1;1;3;0;0;3;6;8;8;13;12;12;14;15;15;18;18;16;16;13;17;17;17;16;16;19
Burkina Faso (Alto Volta);Maschi;0;1;3;4;1;0;6;10;10;12;15;21;19;19;17;18;18;19;20;25;24;27;33;30;26;42;34;35
Burundi;Femmine;0;3;3;3;5;0;6;5;6;6;10;15;14;16;15;14;10;10;11;10;9;8;8;6;6;6;6;6
Burundi;Maschi;7;7;7;6;3;0;6;7;10;9;7;8;8;12;11;11;5;5;5;6;6;5;5;5;5;5;5;5
Cambogia;Femmine;1;1;0;0;2;0;0;0;0;0;0;0;0;0;0;0;0;0;2;0;1;2;0;0;1;0;0;1
Cambogia;Maschi;0;0;0;0;1;0;0;0;0;0;0;0;0;0;0;0;0;0;1;6;9;5;0;0;0;0;0;0
Camerun;Femmine;15;13;12;15;3;0;28;34;38;42;46;49;53;55;62;71;51;62;83;91;95;100;116;133;138;166;184;165
Camerun;Maschi;18;22;21;23;10;0;36;44;45;49;54;58;64;64;71;69;42;57;85;109;110;107;142;183;180;185;193;180
Canada;Femmine;63;65;66;67;46;0;76;79;95;95;96;106;110;118;122;121;66;73;86;87;88;94;97;103;100;117;114;85
Canada;Maschi;65;71;64;61;26;0;74;77;91;89;89;94;94;94;106;106;61;63;67;67;69;62;67;70;78;82;84;61
Capo Verde;Femmine;53;57;59;64;36;0;65;71;87;92;89;97;101;109;129;138;112;136;149;157;156;152;151;148;142;142;137;119
Capo Verde;Maschi;12;12;12;14;9;0;16;21;21;22;26;27;30;33;33;32;33;38;43;46;43;45;43;46;48;45;42;40
Ceca, Rep.;Femmine;0;0;0;0;0;0;0;0;0;106;111;117;118;119;134;140;85;98;118;126;136;140;153;156;167;185;170;140
Ceca, Rep.;Maschi;0;0;0;0;0;0;0;0;0;64;68;70;69;68;73;69;23;21;20;19;21;22;24;23;27;38;34;31
Cecoslovacchia;Femmine;46;51;60;60;46;0;76;93;106;0;0;0;0;0;0;0;0;0;0;0;0;0;0;0;0;0;0;0
Cecoslovacchia;Maschi;38;45;50;54;42;0;64;62;65;0;0;0;0;0;0;0;0;0;0;0;0;0;0;0;0;0;0;0
Centrafricana Rep.;Femmine;0;0;0;1;4;0;1;0;0;0;1;1;1;1;1;1;1;1;0;1;1;2;2;2;2;1;2;2
Centrafricana Rep.;Maschi;1;1;1;1;0;0;1;1;1;1;1;1;1;1;2;2;1;0;1;1;0;1;2;1;3;4;4;4
Ciad;Femmine;0;0;0;0;0;0;0;0;0;0;0;0;0;1;1;1;0;1;1;1;1;1;2;2;2;2;1;1
Ciad;Maschi;0;0;0;0;0;0;0;0;1;1;1;1;1;3;3;4;3;6;6;7;6;8;8;8;7;12;12;12
Cile;Femmine;68;74;83;87;77;0;127;126;131;132;146;159;162;174;190;177;125;139;149;156;160;161;172;186;205;231;227;188
Cile;Maschi;63;62;68;77;56;0;81;81;85;87;94;102;107;119;129;116;84;98;111;115;120;124;127;123;127;139;123;104
Cinese, Repubblica Popolare;Femmine;455;637;674;805;454;1171;1305;1396;1578;1743;2281;3225;3536;4064;4747;5103;4466;5456;6212;6641;6992;7250;8245;9173;10145;11769;12376;13021
Cinese, Repubblica Popolare;Maschi;614;871;920;1087;529;1622;1774;1888;1998;2135;2757;3706;3980;4611;5549;5844;4835;6073;6898;7398;7744;8009;8956;9773;10707;12198;12686;12907
Cipro;Femmine;10;11;14;14;6;0;14;16;16;17;17;17;19;19;19;16;4;4;5;6;6;6;10;10;11;15;17;16
Cipro;Maschi;28;28;30;31;11;0;30;31;31;29;29;30;31;32;36;35;5;6;5;4;4;4;5;5;6;7;6;8
Città del Vaticano;Femmine;0;0;0;0;2;0;0;0;0;0;0;0;0;0;0;0;0;0;0;0;0;0;0;0;0;0;0;0
Colombia;Femmine;49;56;68;100;79;0;146;151;161;172;199;223;241;300;361;396;361;531;591;605;596;564;617;635;663;708;694;569
Colombia;Maschi;32;42;47;53;34;0;73;69;74;84;99;115;128;158;189;197;167;300;360;343;340;343;375;389;422;466;444;409
Comore;Femmine;0;0;0;0;1;0;0;0;0;0;0;0;0;0;0;0;0;0;0;0;0;0;0;0;0;0;0;0
Comore;Maschi;0;0;0;0;1;0;0;0;0;0;0;0;0;0;0;0;0;0;0;0;0;0;0;0;0;0;0;0
Congo;Femmine;5;5;5;5;8;0;25;10;11;13;13;10;11;16;29;37;37;51;57;56;62;58;56;50;51;55;51;35
Congo;Maschi;2;2;2;3;4;0;36;10;10;14;17;19;23;27;38;40;38;48;66;70;81;72;70;66;64;64;64;44
Congo, Rep. Dem. (Zaire);Femmine;6;3;4;7;10;0;0;20;19;28;33;37;37;39;41;41;28;33;39;40;40;42;51;53;54;53;51;54
Congo, Rep. Dem. (Zaire);Maschi;15;17;18;17;8;0;0;30;27;30;38;47;48;48;47;40;25;32;36;38;42;41;49;48;47;50;49;50
Corea, Rep. Pop. Dem. (Corea del Nord);Femmine;2;2;2;2;14;0;3;3;3;3;2;2;2;2;2;2;0;3;3;4;4;4;4;4;4;5;4;0
Corea, Rep. Pop. Dem. (Corea del Nord);Maschi;2;2;2;2;12;0;2;2;2;1;1;1;1;1;1;1;0;0;0;0;0;0;0;0;0;0;0;0
Corea, Repubblica (Corea del Sud);Femmine;90;98;105;124;85;0;178;2;248;276;300;341;355;377;419;429;230;249;281;290;297;312;339;347;377;410;441;344
Corea, Repubblica (Corea del Sud);Maschi;76;82;87;115;51;0;133;0;178;183;204;233;244;259;287;297;145;151;177;185;197;204;225;236;260;290;300;209
Costa d'Avorio;Femmine;12;12;13;17;13;0;38;42;50;61;75;94;97;95;103;98;87;91;97;93;88;96;111;120;118;126;121;117
Costa d'Avorio;Maschi;32;38;42;46;40;0;82;83;70;73;114;146;149;158;160;141;102;119;134;144;145;144;146;157;150;225;187;178
Costarica;Femmine;7;8;9;10;7;0;11;10;11;12;15;18;17;16;17;17;6;8;13;13;13;12;11;11;11;13;12;8
Costarica;Maschi;2;2;2;2;1;0;4;3;3;3;3;5;5;5;3;2;2;2;2;2;1;1;1;1;2;5;4;3
Croazia;Femmine;0;0;0;0;0;0;33;92;168;194;215;247;259;262;285;268;219;238;266;258;257;253;257;264;265;308;294;263
Croazia;Maschi;0;0;0;0;0;0;37;84;138;151;170;193;199;195;207;191;131;136;148;148;151;139;136;139;139;172;160;128
Cuba;Femmine;8;9;8;11;10;0;28;34;49;65;86;140;168;203;257;287;245;283;349;357;345;344;386;400;427;459;453;450
Cuba;Maschi;9;10;7;8;5;0;14;16;18;22;28;39;52;76;95;106;90;116;142;157;162;170;196;213;231;267;261;239
Danimarca;Femmine;41;48;55;56;39;0;84;90;103;107;120;127;126;138;133;125;70;72;74;71;72;75;81;91;95;94;93;66
Danimarca;Maschi;36;34;39;38;21;0;47;56;56;56;63;72;72;76;78;76;34;37;44;46;46;46;52;58;59;60;59;37
Dominica;Femmine;0;0;0;0;3;0;0;0;0;20;24;21;17;14;12;9;7;8;7;7;5;5;5;7;7;7;7;5
Dominica;Maschi;0;0;0;0;0;0;0;0;0;2;3;2;1;1;1;1;1;1;0;0;0;0;0;0;0;0;0;0
Dominicana, Repubblica;Femmine;34;55;65;77;65;0;147;173;217;223;272;383;416;461;527;538;448;503;563;580;578;572;645;689;708;762;775;731
Dominicana, Repubblica;Maschi;7;9;10;20;21;0;35;38;48;51;80;134;148;180;208;226;201;220;244;262;269;272;335;358;399;447;464;459
Ecuador;Femmine;20;26;25;47;50;0;76;85;113;149;302;498;705;1295;1736;1998;2654;6252;7236;7430;7267;7139;7516;7869;8216;8520;8400;7717
Ecuador;Maschi;3;8;9;13;21;0;21;23;36;54;139;253;396;711;978;1159;1509;4266;5120;5250;5081;4998;5368;5673;6016;6389;6348;5807
Egitto;Femmine;766;911;1034;1196;854;1612;1884;2180;2348;2459;2621;3018;3272;3506;3856;4090;3636;4078;4817;5258;5555;5824;6638;7296;7885;8679;9204;9605
Egitto;Maschi;2401;2663;2795;3340;2080;4748;4950;5145;5125;5695;6818;8057;8570;9803;11725;11580;9384;14451;16175;16879;17379;17694;19200;21347;24114;27291;27869;25992
El Salvador;Femmine;332;375;379;453;291;583;645;712;780;796;872;1011;1053;1151;1244;1231;1131;1447;1577;1613;1599;1599;1718;2004;2401;2726;2839;2912
El Salvador;Maschi;99;119;128;179;139;276;296;323;347;367;406;490;515;600;682;702;665;826;920;943;954;963;1021;1129;1319;1542;1664;1782
Emirati Arabi Uniti;Femmine;0;0;0;0;3;0;0;0;0;0;0;0;0;0;0;0;0;0;0;0;0;0;0;0;0;0;0;0
Emirati Arabi Uniti;Maschi;0;0;0;0;4;0;0;0;0;0;0;0;0;0;0;0;0;0;0;0;0;0;0;0;0;0;0;0
Eritrea;Femmine;0;0;0;0;0;0;0;42;265;367;537;695;883;1072;1216;1258;1133;1266;1408;1440;1480;1465;1486;1507;1472;1490;1406;1056
Eritrea;Maschi;0;0;0;0;0;0;0;6;52;71;121;154;223;307;366;388;367;440;580;698;836;891;1024;1078;1026;1028;933;751
Estonia;Femmine;0;0;0;0;0;0;0;0;1;2;3;3;6;7;8;14;12;21;30;30;33;35;38;43;45;50;56;56
Estonia;Maschi;0;0;0;0;0;0;0;0;0;0;0;0;0;0;0;0;0;0;0;1;2;2;2;2;2;4;3;5
Etiopia;Femmine;1122;1209;1235;1268;727;1388;1449;1474;1299;1229;1120;1114;928;819;779;714;368;412;419;419;434;423;438;461;460;470;454;407
Etiopia;Maschi;674;679;691;714;374;776;784;783;735;710;649;629;543;480;450;395;176;178;196;198;231;238;275;286;267;280;270;225
Filippine;Femmine;778;1045;1192;1530;1636;2974;3450;3778;4132;4734;6528;8994;9775;11019;11963;12320;11377;13861;15238;15699;15857;16188;17488;18982;20853;22365;22765;22981
Filippine;Maschi;207;272;359;556;838;1550;1938;2129;2373;2816;4187;5973;6697;7666;8493;8893;8348;10220;11407;11887;12174;12561;13635;14763;16149;17493;17994;18256
Finlandia;Femmine;28;30;34;45;54;0;43;50;60;67;73;85;89;97;120;112;77;80;89;89;91;94;99;97;99;106;102;83
Finlandia;Maschi;14;17;18;19;18;0;19;16;22;22;26;28;26;27;33;35;16;17;22;25;24;25;25;27;27;27;24;16
Francia;Femmine;1133;1186;1228;1263;827;1379;1442;1532;1656;1677;1749;1951;2017;2119;2337;2332;1414;1475;1695;1782;1845;1920;2079;2151;2246;2366;2141;1679
Francia;Maschi;965;1009;1056;1090;592;1184;1283;1387;1480;1502;1601;1825;1888;2037;2217;2195;1104;1150;1364;1441;1487;1565;1684;1717;1785;1872;1706;1246
Gabon;Femmine;2;2;2;2;0;0;2;2;2;2;2;3;3;3;2;2;0;2;2;2;2;3;3;3;3;3;3;3
Gabon;Maschi;0;0;0;1;1;0;1;1;0;0;0;0;1;1;2;2;1;1;1;2;2;2;0;1;1;2;1;1
Gambia;Femmine;0;0;0;0;1;0;1;1;1;1;1;1;1;2;1;1;3;8;5;6;8;9;11;14;15;16;22;28
Gambia;Maschi;3;3;3;2;6;0;8;8;10;13;25;62;74;119;132;120;59;70;83;88;91;97;105;118;117;133;135;143
Georgia;Femmine;0;0;0;0;0;0;0;0;0;2;1;2;5;6;7;12;12;16;29;29;32;35;61;105;151;218;271;336
Georgia;Maschi;0;0;0;0;0;0;0;0;0;2;0;1;3;4;6;8;5;4;11;17;16;17;28;38;36;45;63;83
Germania;Femmine;1100;1134;1164;1190;733;1202;1205;1215;1223;1223;1261;1372;1368;1392;1476;1415;913;967;1037;1088;1105;1135;1179;1193;1225;1216;1115;899
Germania;Maschi;1049;1028;1043;1038;545;1027;1005;1026;1036;1032;1071;1161;1156;1161;1196;1114;698;735;794;815;827;820;863;864;884;904;824;642
Germania Democratica;Femmine;2;2;2;0;0;0;0;0;0;0;0;0;0;0;0;0;0;0;0;0;0;0;0;0;0;0;0;0
Germania Democratica;Maschi;0;0;1;0;0;0;0;0;0;0;0;0;0;0;0;0;0;0;0;0;0;0;0;0;0;0;0;0
Ghana;Femmine;4;6;6;9;11;0;17;20;19;24;28;35;38;38;43;41;37;45;54;51;52;42;50;54;53;51;50;43
Ghana;Maschi;9;11;10;15;10;0;85;87;82;83;83;91;93;95;102;95;69;69;71;62;63;54;71;78;79;126;116;110
Giamaica;Femmine;3;4;3;4;5;0;5;5;6;7;9;9;9;9;9;10;7;7;7;5;6;6;6;6;5;4;6;4
Giamaica;Maschi;2;2;2;2;2;0;3;3;3;3;3;4;5;5;5;5;2;3;7;7;7;6;10;9;10;10;12;9
Giappone;Femmine;504;585;640;699;659;820;899;956;1010;1006;1082;1162;1191;1206;1333;1359;858;902;1010;1039;1078;1087;1154;1172;1214;1296;1276;969
Giappone;Maschi;629;698;750;807;596;940;989;1018;1044;1072;1141;1175;1185;1177;1249;1243;649;690;780;818;841;880;934;963;992;1048;1029;630
Gibuti;Femmine;0;0;0;0;2;0;0;0;0;0;1;1;1;1;1;1;0;0;0;0;0;0;0;0;0;0;0;0
Gibuti;Maschi;0;0;0;0;2;0;0;0;0;0;0;0;0;0;0;0;0;0;0;0;0;0;0;0;0;0;0;0
Giordania;Femmine;5;6;7;9;12;0;13;21;28;30;29;39;41;42;44;48;38;47;45;47;49;53;56;58;57;61;50;42
Giordania;Maschi;153;160;161;178;79;0;223;224;205;206;220;229;225;225;235;224;113;135;138;130;126;125;124;117;112;122;111;79
Grecia;Femmine;309;317;318;325;126;326;335;338;339;339;347;375;380;391;409;397;186;193;194;199;203;214;229;244;255;287;265;216
Grecia;Maschi;611;630;647;657;180;693;715;727;727;701;713;736;746;758;761;675;193;197;201;212;210;218;229;241;249;274;249;191
Grenada;Femmine;0;0;0;0;4;0;0;0;0;0;0;0;0;0;0;0;0;0;0;0;0;0;0;0;0;0;0;0
Grenada;Maschi;0;0;0;0;10;0;0;0;0;0;0;0;0;0;0;0;0;0;0;0;0;0;0;0;0;0;0;0
Guatemala;Femmine;7;11;9;9;6;0;11;14;13;13;13;15;15;15;16;15;12;16;18;20;19;20;21;23;32;36;39;36
Guatemala;Maschi;5;5;5;5;4;0;6;6;7;5;6;7;7;6;12;12;9;12;14;13;15;15;15;16;17;21;21;22
Guinea;Femmine;0;1;2;3;4;0;3;6;5;5;7;12;11;14;18;16;16;18;20;21;25;25;25;28;28;34;32;27
Guinea;Maschi;14;16;17;21;10;0;26;26;25;28;35;40;44;45;52;50;38;44;52;57;63;68;65;76;61;76;83;77
Guinea Bissau;Femmine;0;0;0;0;0;0;0;0;0;0;0;0;0;0;0;0;0;0;0;0;0;0;0;2;2;2;2;2
Guinea Bissau;Maschi;0;1;1;1;2;0;1;1;1;1;2;1;1;4;4;6;5;5;4;7;6;6;9;11;10;10;12;13
Guinea Equatoriale;Maschi;0;0;0;0;1;0;0;0;0;0;0;0;0;0;0;0;0;0;0;0;0;0;0;0;0;0;0;0
Guyana;Femmine;0;0;0;0;1;0;0;0;0;0;0;0;0;0;0;0;0;0;0;0;0;0;0;0;0;0;0;0
Haiti;Femmine;25;25;25;26;5;0;24;25;24;24;25;26;29;29;30;22;4;6;7;7;6;7;5;5;6;7;6;6
Haiti;Maschi;4;4;4;4;1;0;4;5;5;4;5;6;6;5;5;6;4;4;1;2;3;3;2;2;3;3;3;5
Honduras;Femmine;1;3;4;3;5;0;5;5;4;2;2;4;4;5;5;6;5;10;11;12;12;14;16;29;39;50;57;74
Honduras;Maschi;0;1;1;1;3;0;0;0;0;0;0;1;1;1;1;2;2;4;4;3;4;4;4;9;13;15;17;24
India;Femmine;93;99;104;118;63;0;127;141;154;158;160;182;192;207;235;221;180;202;248;261;276;300;338;357;391;444;467;455
India;Maschi;83;90;95;99;76;0;160;176;177;180;200;246;261;289;333;319;240;300;370;391;392;398;456;522;581;674;718;654
Indonesia;Femmine;11;13;13;13;14;0;20;21;25;26;30;34;35;42;49;53;43;39;50;51;49;51;57;61;67;80;82;75
Indonesia;Maschi;8;10;12;13;15;0;17;17;19;20;21;26;28;31;34;36;32;35;39;39;37;38;43;45;44;49;45;42
Iran;Femmine;468;466;462;465;208;455;454;453;438;414;407;419;419;405;390;364;183;196;213;236;239;222;251;286;333;483;582;612
Iran;Maschi;657;656;665;670;289;639;611;597;569;554;535;557;550;538;540;491;231;247;256;261;272;264;294;330;363;482;557;575
Iraq;Femmine;23;24;24;24;6;0;25;25;26;26;27;26;27;28;28;28;7;7;13;10;17;19;20;20;19;16;16;18
Iraq;Maschi;53;52;51;50;24;0;50;49;47;45;46;46;47;49;50;45;21;21;32;37;42;44;62;63;60;51;51;39
Irlanda;Femmine;46;54;67;76;44;0;118;125;135;137;139;156;169;179;196;182;89;92;102;104;106;113;118;122;130;135;120;97
Irlanda;Maschi;34;40;44;53;29;0;89;99;103;110;120;130;133;139;158;150;62;69;81;85;91;94;95;102;113;117;98;77
Islanda;Femmine;1;3;2;2;4;0;4;3;4;4;4;5;6;9;11;10;10;10;10;12;12;13;18;21;20;20;17;12
Islanda;Maschi;1;3;3;3;4;0;4;3;3;3;3;3;4;4;7;7;5;6;9;10;11;11;11;12;12;12;9;4
Israele;Femmine;379;395;395;406;168;425;432;437;411;409;403;427;429;425;424;409;162;163;184;201;206;220;229;221;219;234;233;162
Israele;Maschi;531;546;545;557;192;567;588;595;544;522;519;530;539;535;546;509;213;216;237;247;248;245;234;242;242;253;248;148
Jugoslavia (Serbia-Montenegro);Femmine;419;468;479;513;643;602;674;751;809;815;812;842;830;845;902;863;509;541;596;595;599;580;0;0;0;0;0;0
Jugoslavia (Serbia-Montenegro);Maschi;413;452;464;511;612;630;710;857;917;932;956;982;972;979;993;935;477;504;547;552;550;546;0;0;0;0;0;0
Kazakistan;Femmine;0;0;0;0;0;0;0;0;0;0;1;6;11;11;15;14;11;13;19;28;28;36;54;58;60;69;73;75
Kazakistan;Maschi;0;0;0;0;0;0;0;0;0;0;0;1;1;2;3;3;3;2;3;3;4;12;13;14;15;18;19;21
Kenya;Femmine;3;3;4;4;10;0;11;13;17;17;19;22;27;34;36;38;32;35;43;48;47;54;62;71;78;89;90;87
Kenya;Maschi;7;8;8;10;10;0;15;18;19;24;27;29;28;39;41;42;31;36;38;40;41;43;46;50;52;60;59;50
Kirghizistan;Femmine;0;0;0;0;0;0;0;0;0;0;0;0;0;0;0;0;0;0;4;4;4;8;8;10;12;19;25;31
Kirghizistan;Maschi;0;0;0;0;0;0;0;0;0;0;0;0;0;0;0;0;0;0;0;1;1;1;1;1;1;2;4;4
Kosovo;Femmine;0;0;0;0;0;0;0;0;0;0;0;0;0;0;0;0;0;0;0;0;0;0;3;6;9;69;66;58
Kosovo;Maschi;0;0;0;0;0;0;0;0;0;0;0;0;0;0;0;0;0;0;0;0;0;0;2;18;35;141;159;162
Kuwait;Femmine;0;0;0;0;1;0;0;0;0;0;0;1;1;1;1;1;1;1;1;1;1;1;1;1;1;1;1;0
Kuwait;Maschi;0;0;2;2;0;0;2;2;2;2;2;3;3;3;3;4;2;2;3;3;3;3;3;3;3;3;3;1
Laos;Femmine;0;0;0;0;9;0;0;0;0;0;0;0;0;1;1;0;0;0;1;1;2;1;1;1;1;1;2;2
Laos;Maschi;0;0;0;0;6;0;0;0;0;0;0;0;0;0;0;0;0;0;0;0;0;0;0;0;0;0;0;0
Lesotho;Femmine;0;0;0;0;3;0;0;0;0;0;0;0;0;0;0;0;0;0;0;0;0;0;0;0;0;0;0;0
Lesotho;Maschi;0;0;0;0;0;0;0;0;0;0;0;0;0;0;0;0;0;0;0;0;0;0;0;0;0;0;1;1
Lettonia;Femmine;0;0;0;0;0;0;0;0;2;3;4;7;11;11;15;20;20;24;43;52;57;74;85;97;108;130;115;102
Lettonia;Maschi;0;0;0;0;0;0;0;0;0;0;0;0;0;0;1;2;3;3;4;6;6;6;6;6;10;14;13;13
Libano;Femmine;133;138;140;144;104;0;152;154;152;139;132;136;125;115;123;110;72;71;71;68;71;70;56;55;57;62;65;57
Libano;Maschi;245;245;245;246;133;0;278;284;270;262;255;255;245;233;247;236;123;138;149;151;151;153;157;151;168;177;176;135
Liberia;Femmine;1;1;1;1;1;0;1;4;3;3;2;2;3;3;3;5;4;5;7;8;7;7;8;9;9;8;5;2
Liberia;Maschi;3;3;3;3;1;0;2;2;2;2;3;3;4;4;5;4;3;5;16;21;21;21;17;17;21;23;19;14
Libia;Femmine;68;62;60;57;13;0;55;55;43;43;46;48;48;47;48;42;16;16;16;21;26;25;25;24;30;36;36;27
Libia;Maschi;82;78;77;68;22;0;71;70;52;50;56;58;58;57;63;50;21;35;42;50;55;55;61;56;62;68;66;47
Liechtenstein;Femmine;0;1;1;1;0;0;0;0;0;0;0;0;0;1;1;1;1;1;1;0;0;1;0;0;0;0;0;0
Liechtenstein;Maschi;0;0;0;0;0;0;0;0;1;1;1;0;0;0;0;0;0;0;0;0;0;0;0;0;0;0;0;0
Lituania;Femmine;0;0;0;0;0;0;0;0;2;2;4;5;8;11;14;15;21;26;41;48;60;73;94;104;127;150;147;140
Lituania;Maschi;0;0;0;0;0;0;0;0;0;0;0;0;0;0;0;0;1;3;4;5;4;4;11;16;22;27;24;20
Lussemburgo;Femmine;6;5;5;5;9;0;6;7;7;7;9;10;11;10;6;6;3;4;5;5;5;6;6;8;7;7;6;6
Lussemburgo;Maschi;11;9;10;10;7;0;11;10;8;8;9;8;10;10;9;12;8;5;4;2;3;3;4;4;4;4;4;4
Macedonia, ex Rep. Jugoslava;Femmine;0;0;0;0;0;0;0;4;10;17;6;5;21;29;43;45;45;55;75;80;88;80;82;80;83;88;87;78
Macedonia, ex Rep. Jugoslava;Maschi;0;0;0;0;0;0;0;7;19;34;10;10;45;54;65;72;48;64;77;80;85;81;77;84;83;90;82;72
Madagascar;Femmine;4;5;3;3;8;0;0;10;9;11;12;14;12;14;15;15;12;12;13;14;12;11;11;10;10;12;11;13
Madagascar;Maschi;2;2;2;2;3;0;0;2;2;2;1;1;2;1;1;1;0;0;0;0;0;1;1;2;3;5;4;4
Malawi;Femmine;0;0;0;0;8;0;6;0;0;0;0;0;0;0;0;0;0;0;0;0;0;0;0;0;1;1;1;0
Malawi;Maschi;0;0;0;0;2;0;2;0;0;0;0;0;0;0;0;0;0;0;0;0;0;0;0;0;1;1;1;1
Malaysia;Femmine;2;4;3;5;4;0;8;9;8;10;11;14;14;15;17;20;12;17;19;20;20;17;17;18;20;22;23;11
Malaysia;Maschi;10;12;11;12;3;0;20;21;17;18;20;21;20;20;19;18;9;10;13;14;15;14;13;13;14;17;17;10
Maldive;Femmine;0;0;0;0;0;0;0;0;0;0;0;0;0;0;0;0;0;0;0;0;0;0;0;1;0;0;0;0
Maldive;Maschi;0;0;0;0;2;0;0;0;1;0;0;0;0;0;0;0;0;0;0;0;0;0;0;0;0;1;0;0
Mali;Femmine;1;1;1;2;5;0;5;5;6;5;8;11;12;15;16;15;17;16;17;18;18;18;14;13;16;18;16;15
Mali;Maschi;0;1;2;3;1;0;11;12;10;9;9;11;13;16;15;13;10;12;14;19;21;24;29;27;35;93;102;141
Malta;Femmine;14;14;15;17;11;0;17;16;15;13;11;7;6;8;6;9;8;5;6;9;9;11;7;8;11;15;13;13
Malta;Maschi;7;8;7;8;4;0;9;11;9;9;15;14;15;15;14;13;10;11;15;16;18;20;18;19;21;23;23;11
Marocco;Femmine;105;117;128;193;186;330;406;494;611;737;908;1171;1295;1456;1674;1781;1655;1959;2317;2522;2614;2707;2947;3199;3413;3737;3844;3849
Marocco;Maschi;316;409;428;1002;414;2461;2631;2736;2683;2875;3493;4082;4202;4393;4654;4167;2859;3350;3750;3928;4049;4042;4193;4419;4658;4983;4964;4486
Mauritania;Femmine;0;0;0;1;13;0;1;1;0;0;0;0;1;1;1;1;1;1;1;2;2;2;2;2;4;5;4;5
Mauritania;Maschi;0;0;0;1;5;0;2;2;0;0;2;3;4;5;7;5;3;4;4;7;7;8;11;21;22;26;23;29
Maurizio;Femmine;56;69;79;100;125;0;211;247;274;290;329;400;441;510;588;613;590;646;690;703;697;688;689;694;710;730;693;625
Maurizio;Maschi;30;43;49;62;97;0;184;208;224;242;282;367;419;478;536;560;532;579;594;601;614;604;610;625;639;657;633;569
Messico;Femmine;38;43;43;52;56;0;84;94;104;94;95;102;105;115;125;128;82;99;113;123;114;117;125;136;160;178;167;161
Messico;Maschi;44;47;43;47;29;0;60;61;55;54;53;56;59;64;67;68;39;46;57;63;62;55;69;76;90;97;92;81
Moldavia;Femmine;0;0;0;0;0;0;0;0;0;1;2;8;13;33;61;115;197;630;824;891;899;1065;1413;1766;2214;2478;2390;2320
Moldavia;Maschi;0;0;0;0;0;0;0;0;0;1;2;3;3;8;17;30;58;225;327;388;365;389;504;628;757;899;898;875
Monaco;Femmine;0;0;0;0;7;0;1;1;1;1;1;1;1;1;1;1;0;0;0;1;1;1;1;1;1;1;1;1
Monaco;Maschi;0;0;0;0;2;0;0;0;0;0;0;0;0;0;0;0;0;0;0;1;1;1;1;1;1;1;1;1
Mongolia;Femmine;0;0;0;0;3;0;1;0;2;2;2;2;3;3;4;5;3;5;4;3;3;3;3;4;8;8;7;8
Mongolia;Maschi;0;0;0;0;0;0;0;0;0;0;0;0;0;1;1;2;1;3;3;3;3;3;5;4;8;12;10;11
Montenegro;Femmine;0;0;0;0;0;0;0;0;0;0;0;0;0;0;0;0;0;0;0;0;0;0;2;5;11;76;75;65
Montenegro;Maschi;0;0;0;0;0;0;0;0;0;0;0;0;0;0;0;0;0;0;0;0;0;0;6;9;17;92;91;82
Mozambico;Femmine;1;2;3;5;2;0;5;5;5;5;4;4;4;6;7;7;4;4;4;5;4;4;4;4;4;4;3;3
Mozambico;Maschi;5;6;4;4;1;0;6;5;5;5;5;5;4;5;5;5;1;1;4;4;5;5;4;3;3;3;2;3
Myanmar (Birmania);Femmine;1;1;1;1;1;0;4;4;6;6;6;7;7;8;8;7;6;5;7;7;6;6;7;9;10;15;13;9
Myanmar (Birmania);Maschi;0;0;0;0;0;0;0;0;2;2;2;2;2;2;1;1;0;0;0;0;0;0;1;1;1;4;4;4
Namibia;Femmine;0;0;0;0;3;0;0;0;0;0;0;0;0;0;0;0;0;0;0;0;0;0;0;0;0;0;0;0
Namibia;Maschi;0;0;0;0;3;0;0;0;0;0;0;0;0;0;0;0;0;0;0;0;0;0;0;0;0;0;0;0
Nepal;Femmine;1;1;2;1;1;0;2;3;3;3;4;4;6;4;7;5;6;8;13;15;18;19;25;28;30;35;42;50
Nepal;Maschi;2;3;4;5;5;0;5;6;7;9;10;13;11;13;18;19;16;24;28;27;28;28;29;33;36;49;59;81
Nicaragua;Femmine;4;5;6;7;11;0;12;13;14;13;15;15;14;14;14;14;10;16;20;19;19;18;19;22;28;32;34;32
Nicaragua;Maschi;4;4;4;3;4;0;2;1;1;3;3;3;3;3;3;3;3;3;3;0;0;0;2;3;6;6;9;10
Niger;Femmine;0;0;0;0;1;0;0;0;0;0;2;2;2;3;3;3;3;6;5;5;4;4;4;4;5;8;7;5
Niger;Maschi;1;1;1;1;2;0;1;2;2;2;3;2;2;1;1;0;0;0;3;5;5;5;8;8;7;14;17;19
Nigeria;Femmine;17;18;19;19;11;0;27;28;30;34;74;136;144;225;281;304;230;263;287;263;251;248;252;275;286;317;297;283
Nigeria;Maschi;36;37;38;41;12;0;52;55;54;57;63;73;81;110;125;117;85;88;101;117;144;146;152;179;180;237;229;199
Norvegia;Femmine;10;11;11;13;18;0;21;28;28;30;34;42;44;47;55;53;28;32;34;36;41;40;42;47;47;44;42;28
Norvegia;Maschi;15;15;16;18;17;0;18;19;20;19;16;17;18;19;27;32;25;24;29;27;26;27;27;30;32;33;26;15
Nuova Zelanda;Femmine;5;6;5;6;12;0;8;8;8;8;7;8;11;13;13;15;10;11;11;12;14;13;12;10;10;10;8;4
Nuova Zelanda;Maschi;8;8;6;7;7;0;10;9;9;8;7;6;8;8;9;10;7;10;12;11;12;13;14;15;14;14;17;11
Oman;Femmine;1;0;0;0;1;0;0;0;0;0;0;0;0;0;0;0;0;0;0;0;0;0;0;0;0;0;0;0
Oman;Maschi;0;0;0;0;1;0;0;0;0;0;0;0;0;0;0;0;0;0;0;0;0;0;0;0;0;0;0;0
Paesi Bassi;Femmine;131;149;165;201;122;0;217;224;229;229;228;250;254;270;285;279;173;179;207;211;216;235;240;246;254;267;229;204
Paesi Bassi;Maschi;151;157;167;173;94;0;200;208;199;215;225;245;248;266;284;277;159;156;169;165;169;180;197;200;188;219;191;165
Pakistan;Femmine;6;6;8;10;4;0;9;15;28;32;50;87;107;134;147;160;149;164;188;208;216;225;258;285;297;343;358;357
Pakistan;Maschi;42;64;76;99;111;0;362;369;346;367;422;510;537;617;760;752;486;575;644;664;683;664;692;752;823;974;1021;971
Panama;Femmine;3;4;6;7;6;0;36;37;35;36;34;35;34;38;34;32;14;12;16;13;13;13;12;14;15;16;16;13
Panama;Maschi;8;9;7;7;4;0;8;7;8;9;9;9;9;11;11;9;8;10;11;11;12;9;10;11;11;14;13;10
Paraguay;Femmine;5;5;7;8;4;0;11;14;11;12;12;16;17;19;19;21;15;16;18;20;22;25;31;36;52;65;67;56
Paraguay;Maschi;2;1;1;0;2;0;2;2;2;2;2;5;5;8;10;9;7;6;10;9;10;9;8;10;15;19;21;19
Perù;Femmine;88;112;122;228;340;435;622;739;916;1236;2224;3751;4221;5031;5645;5828;5637;7805;8455;8625;8535;8577;9430;10745;11925;12661;12617;12053
Perù;Maschi;37;50;54;133;244;281;339;371;441;602;1201;2069;2434;2934;3391;3553;3414;4833;5329;5579;5535;5526;6156;6927;7730;8481;8554;8409
Polonia;Femmine;98;109;116;110;83;0;167;182;186;183;195;257;273;313;364;378;316;430;566;611;658;709;804;854;909;961;920;829
Polonia;Maschi;88;86;88;86;40;0;98;100;104;106;104;116;118;123;128;117;62;84;109;130;147;168;192;208;223;232;233;202
Portogallo;Femmine;74;90;88;100;79;0;204;223;234;237;248;265;270;271;294;278;177;187;201;196;203;222;245;247;259;279;251;210
Portogallo;Maschi;45;51;58;66;44;0;133;144;151;146;161;172;174;177;194;176;101;106;122;127;139;151;175;175;186;207;187;154
Regno Unito;Femmine;1065;1123;1139;1171;572;1287;1330;1367;1358;1342;1370;1482;1503;1528;1632;1556;758;799;875;899;900;919;987;997;1041;1090;1006;757
Regno Unito;Maschi;1067;1121;1145;1188;505;1285;1325;1340;1352;1328;1391;1455;1504;1511;1608;1537;742;764;827;851;881;891;946;963;1015;1046;947;733
Romania;Femmine;99;107;104;120;99;0;245;267;304;333;366;480;573;809;1041;1199;1363;2254;2787;3106;4173;5109;6099;6650;7093;8092;8228;8224
Romania;Maschi;90;92;89;98;51;0;197;217;237;259;368;538;631;943;1219;1294;1264;2367;2749;2845;3735;4510;5145;5504;5608;6317;6279;5983
Ruanda;Femmine;5;5;5;5;0;0;5;6;9;10;10;12;15;14;14;14;4;5;8;8;12;11;13;12;9;10;10;8
Ruanda;Maschi;6;6;6;6;1;0;7;7;8;8;9;10;11;11;12;13;4;3;4;5;7;7;11;10;8;10;9;11
Russa, Federazione;Femmine;0;0;0;0;0;0;0;0;164;187;172;278;312;371;478;522;471;600;740;794;786;811;891;983;1137;1378;1485;1490
Russa, Federazione;Maschi;0;0;0;0;0;0;0;0;82;94;90;129;150;153;165;148;109;137;156;174;165;171;181;183;203;249;265;273
Saint Kitts e Nevis;Maschi;0;0;0;0;0;0;0;0;0;0;0;0;0;0;0;0;0;0;0;0;0;0;0;1;0;0;0;0
Saint Lucia;Maschi;0;0;0;0;1;0;0;0;0;0;0;0;0;0;0;0;0;0;0;0;0;0;0;0;0;0;0;0
Salomone;Femmine;0;0;0;0;1;0;0;0;0;0;0;0;0;0;0;0;0;0;0;0;0;0;0;0;0;0;0;0
San Marino;Femmine;48;49;45;45;28;0;40;40;36;34;31;32;33;32;29;29;27;26;25;23;22;22;22;21;20;19;18;14
San Marino;Maschi;32;31;29;27;23;0;30;28;25;23;22;23;22;21;19;20;20;20;22;20;21;22;22;24;22;23;22;21
Sao Tomè e Principe;Femmine;0;0;0;0;0;0;0;0;0;0;0;0;0;1;1;1;1;0;0;0;0;0;0;0;0;0;0;0
Sao Tomè e Principe;Maschi;0;0;0;0;0;0;0;0;0;0;0;0;0;0;0;0;0;0;0;0;0;0;0;0;0;0;1;1
Seicelle;Femmine;54;68;67;71;37;0;81;77;78;80;77;79;78;82;85;77;47;51;49;45;45;45;39;38;39;41;35;33
Seicelle;Maschi;9;11;14;15;10;0;15;16;16;18;19;21;20;21;26;27;22;22;21;19;18;18;17;18;19;20;17;8
Senegal;Femmine;8;10;10;19;16;31;36;37;42;47;54;62;72;94;113;100;80;99;119;141;136;145;176;207;244;308;336;344
Senegal;Maschi;61;84;84;245;148;564;632;649;642;676;1094;1509;1583;1908;2031;1866;1230;1597;1672;1694;1644;1584;1609;1697;1880;2077;2114;1970
Serbia;Femmine;0;0;0;0;0;0;0;0;0;0;0;0;0;0;0;0;0;0;0;0;0;0;577;572;545;364;354;291
Serbia;Maschi;0;0;0;0;0;0;0;0;0;0;0;0;0;0;0;0;0;0;0;0;0;0;535;530;488;290;272;218
Sierra Leone;Femmine;6;6;8;10;10;0;17;18;18;17;18;15;15;17;17;18;13;13;12;12;13;14;13;17;15;15;15;11
Sierra Leone;Maschi;12;13;14;16;11;0;18;18;22;20;21;21;18;22;27;28;20;23;27;34;32;33;30;31;26;27;23;16
Singapore;Femmine;3;4;3;3;8;0;5;6;7;7;8;7;7;8;9;7;5;6;5;4;4;6;9;9;9;11;14;13
Singapore;Maschi;3;4;3;4;2;0;6;6;7;8;9;9;9;10;9;8;7;10;11;10;11;12;15;15;15;14;14;13
Siria;Femmine;38;40;39;36;32;0;39;43;43;43;48;56;55;62;67;76;70;68;77;86;84;79;78;94;94;98;97;103
Siria;Maschi;72;77;75;73;59;0;118;115;115;116;131;146;153;161;187;176;126;163;189;202;208;208;216;225;236;265;270;234
Slovacchia;Femmine;0;0;0;0;0;0;0;0;0;0;5;11;15;23;34;52;59;77;98;107;122;130;134;138;147;152;134;130
Slovacchia;Maschi;0;0;0;0;0;0;0;0;0;0;0;1;1;1;5;7;7;11;17;17;15;18;20;21;25;27;26;23
Slovenia;Femmine;0;0;0;0;0;0;4;11;9;10;10;13;14;15;16;12;10;12;16;17;19;22;28;32;32;40;35;26
Slovenia;Maschi;0;0;0;0;0;0;6;9;10;13;12;14;14;16;14;14;9;6;6;6;11;12;23;27;28;35;31;27
Somalia;Femmine;47;53;60;74;155;0;354;437;532;574;604;718;769;796;798;749;271;280;283;278;272;266;258;262;242;242;228;114
Somalia;Maschi;72;74;84;93;78;0;256;298;316;329;343;391;445;468;480;448;182;186;194;195;194;181;198;280;261;255;226;129
Spagna;Femmine;433;506;549;572;365;662;708;760;806;826;862;960;978;1024;1163;1170;783;865;976;1032;1058;1112;1186;1250;1329;1435;1373;1131
Spagna;Maschi;333;369;379;385;171;442;460;462;460;464;497;534;537;556;620;602;287;325;381;405;430;443;492;538;586;658;614;508
Sri Lanka (Ceylon);Femmine;108;130;166;227;247;410;550;709;888;1006;1259;1749;2073;2458;2926;3286;3096;3598;4108;4370;4512;4753;5290;5731;6215;6863;7113;7059
Sri Lanka (Ceylon);Maschi;200;247;289;408;439;814;1035;1231;1474;1670;2198;2875;3122;3660;4293;4574;4042;5103;5764;5948;6088;6334;7058;7609;8297;9262;9354;8838
Stati Uniti d'America;Femmine;809;815;801;837;471;904;926;949;951;911;931;967;964;969;1031;994;456;489;528;551;565;576;601;616;648;715;690;548
Stati Uniti d'America;Maschi;834;823;822;840;379;867;876;897;875;837;854;864;862;881;917;883;359;383;420;433;447;454;464;489;502;522;495;358
Sud Africa;Femmine;20;23;23;23;11;0;23;23;24;19;18;17;17;18;19;21;12;14;17;18;16;11;13;15;13;18;17;12
Sud Africa;Maschi;25;25;24;23;10;0;23;24;23;21;22;22;23;23;25;24;14;14;14;18;20;22;24;25;18;21;19;17
Sudan;Femmine;5;5;5;3;5;0;3;3;4;4;5;7;11;12;17;13;14;16;18;21;22;20;22;20;20;23;22;14
Sudan;Maschi;20;20;19;19;12;0;38;42;42;41;43;48;52;55;58;47;37;39;48;92;125;101;90;102;86;100;83;54
Suriname;Maschi;0;0;0;0;0;0;0;0;1;1;1;1;1;1;1;1;0;0;0;0;0;0;0;0;0;0;0;0
Svezia;Femmine;75;75;77;82;50;0;90;110;123;125;135;153;166;178;204;201;121;134;159;169;173;183;197;205;213;223;188;130
Svezia;Maschi;64;67;66;68;37;0;71;81;79;73;78;89;88;96;115;123;73;79;86;89;102;103;110;117;126;129;100;67
Svizzera;Femmine;1017;987;952;924;521;852;823;798;771;738;729;730;709;687;685;646;414;397;402;394;385;378;385;380;380;371;332;276
Svizzera;Maschi;1011;1006;1001;971;499;920;896;888;860;834;832;819;787;777;784;738;469;463;464;467;458;445;456;448;436;437;401;354
Swaziland;Femmine;0;0;0;0;1;0;0;0;0;0;0;0;0;0;0;0;0;0;0;0;0;0;0;0;0;0;1;0
Swaziland;Maschi;0;0;0;0;1;0;0;0;0;0;0;0;0;0;0;0;0;0;0;0;0;0;0;0;0;0;0;0
Tagikistan;Femmine;0;0;0;0;0;0;0;0;0;0;1;1;1;1;1;1;1;1;1;1;0;1;1;1;1;1;3;3
Tagikistan;Maschi;0;0;0;0;0;0;0;0;0;0;3;3;3;3;4;4;4;6;6;5;3;3;6;6;8;8;8;7
Taiwan (Formosa);Femmine;42;41;44;47;15;0;56;56;76;73;27;24;81;83;85;80;18;19;28;31;34;35;42;44;48;54;56;40
Taiwan (Formosa);Maschi;35;34;33;32;7;0;36;37;44;46;17;11;50;52;57;46;14;12;16;18;20;20;22;23;23;23;23;14
Tanzania;Femmine;5;3;3;3;1;0;4;7;7;4;5;6;6;6;7;6;4;4;3;4;4;4;7;7;7;9;6;9
Tanzania;Maschi;6;3;3;5;5;0;5;6;6;6;6;8;8;9;9;7;6;6;7;9;9;10;9;9;9;9;8;8
Territori Autonomia Palestinese;Femmine;0;0;0;0;0;0;0;0;0;0;0;0;0;0;0;1;1;0;2;2;2;2;2;3;7;7;6;6
Territori Autonomia Palestinese;Maschi;0;0;0;0;0;0;0;0;0;0;0;0;2;1;2;2;3;10;19;23;23;22;30;38;41;36;32;32
Thailandia;Femmine;31;32;34;35;31;0;56;51;52;50;52;64;64;69;80;81;59;64;85;89;104;112;126;148;166;198;188;187
Thailandia;Maschi;4;5;3;3;7;0;6;6;7;7;9;10;12;14;17;12;8;10;12;13;14;17;21;19;20;23;24;19
Togo;Femmine;1;1;1;1;2;0;4;5;4;4;4;6;8;8;14;17;18;27;31;43;41;42;42;45;37;38;35;40
Togo;Maschi;5;5;5;1;1;0;4;4;5;6;8;10;11;13;13;19;23;43;79;117;98;81;77;84;81;80;74;77
Trinidad e Tobago;Femmine;3;2;2;2;3;0;4;5;5;6;6;6;6;6;6;8;3;3;3;3;3;4;4;6;5;5;3;2
Trinidad e Tobago;Maschi;2;2;2;4;2;0;5;5;6;6;6;6;6;6;6;6;1;1;2;2;2;2;2;1;1;1;1;1
Tunisia;Femmine;47;51;66;82;77;136;142;160;173;182;206;239;250;280;294;310;257;304;348;377;379;401;432;461;470;502;499;470
Tunisia;Maschi;161;191;208;292;222;682;761;801;797;805;876;975;979;1034;1147;1083;713;860;946;995;1032;1067;1100;1131;1157;1255;1250;1058
Turchia;Femmine;240;240;246;252;146;286;303;322;316;316;332;378;378;399;455;456;350;380;414;419;433;428;444;472;506;558;595;546
Turchia;Maschi;270;286;296;314;178;410;419;442;429;423;473;556;568;595;657;640;440;544;607;615;622;610;617;646;666;737;773;676
Turkmenistan;Femmine;0;0;0;0;0;0;0;0;0;0;2;2;2;0;0;0;2;2;3;3;2;2;2;3;2;2;1;2
Turkmenistan;Maschi;0;0;0;0;0;0;0;0;0;0;0;1;1;1;1;1;2;2;3;3;2;2;2;2;2;3;4;2
Tuvalu;Femmine;0;0;0;0;1;0;0;0;0;0;0;0;0;0;0;0;0;0;0;0;0;0;0;0;0;0;0;0
Ucraina;Femmine;0;0;0;0;0;0;0;0;2;3;16;32;46;87;165;230;477;1722;2382;2820;2948;3187;3907;4675;5640;6324;6414;6444
Ucraina;Maschi;0;0;0;0;0;0;0;0;0;0;4;14;22;45;76;79;90;370;573;672;683;731;881;1053;1273;1496;1537;1522
Uganda;Femmine;0;0;0;0;2;0;1;1;1;1;2;3;2;3;3;4;3;4;4;4;6;8;8;8;7;9;8;9
Uganda;Maschi;1;1;1;1;5;0;2;3;5;5;5;7;6;8;6;5;3;4;3;8;8;7;6;6;6;4;6;7
Ungheria;Femmine;92;92;85;78;45;0;85;96;95;103;107;108;105;121;130;130;80;92;109;115;122;134;148;155;165;177;165;165
Ungheria;Maschi;79;85;82;76;33;0;71;70;66;62;62;60;58;59;57;54;18;20;23;29;34;33;38;37;40;43;41;39
Uruguay;Femmine;49;60;54;89;73;0;117;126;121;122;127;150;145;153;171;163;90;102;119;117;122;114;122;123;132;137;127;82
Uruguay;Maschi;57;56;60;86;52;0;91;87;87;86;88;93;94;98;101;89;39;47;54;50;55;54;56;57;61;70;64;39
Uzbekistan;Femmine;0;0;0;0;0;0;0;0;0;1;1;4;5;6;9;8;10;14;13;16;15;13;15;21;18;26;24;26
Uzbekistan;Maschi;0;0;0;0;0;0;0;0;0;0;0;0;0;0;0;1;1;2;2;2;4;3;4;4;3;4;10;11
Venezuela;Femmine;39;36;37;41;47;0;61;62;64;71;75;92;102;127;146;150;116;138;150;161;149;149;165;179;191;223;230;228
Venezuela;Maschi;57;55;50;50;36;0;62;60;60;58;60;65;68;77;85;78;48;68;86;91;92;99;118;124;125;135;125;115
Vietnam;Femmine;8;8;8;7;8;0;12;13;10;10;2;2;8;9;11;9;3;5;4;5;6;5;6;7;8;8;8;11
Vietnam;Maschi;38;38;37;34;10;0;31;32;30;28;2;2;19;19;19;14;2;3;5;5;10;9;17;17;16;14;14;10
Yemen;Femmine;0;0;0;0;1;0;2;2;2;2;2;2;2;2;2;3;1;1;1;1;1;1;1;1;1;0;0;0
Yemen;Maschi;4;4;4;5;2;0;4;4;4;4;4;4;4;4;4;4;2;2;2;3;3;3;3;3;4;1;1;0
Zambia;Femmine;1;1;1;1;0;0;1;1;1;1;1;1;1;1;1;1;0;0;0;0;0;3;4;3;4;4;4;4
Zambia;Maschi;1;1;2;2;0;0;2;2;2;2;2;2;2;2;2;1;1;1;1;1;2;2;1;1;2;4;6;5
Zimbabwe (Rhodesia);Femmine;0;0;0;0;2;0;1;2;1;2;3;3;3;3;3;2;0;1;1;1;1;2;2;1;1;2;3;3
Zimbabwe (Rhodesia);Maschi;0;0;0;0;2;0;0;0;0;0;0;0;0;0;0;0;0;0;1;1;1;1;3;5;4;7;6;6
Afghanistan;Femmine;6;6;6;6;1;0;6;6;4;4;4;4;4;4;4;4;0;0;1;1;1;1;1;2;2;6;2;5
Afghanistan;Maschi;7;7;6;6;6;0;6;7;5;5;5;5;5;6;5;6;3;3;10;14;22;30;59;102;99;159;146;193
Albania;Femmine;7;7;7;7;19;0;62;95;128;162;255;451;564;840;1166;1339;1286;1570;1845;1999;2045;2070;2266;2429;2531;2705;2700;2654
Albania;Maschi;15;13;12;12;43;0;180;243;310;369;582;916;1012;1365;1831;1901;1575;2102;2428;2476;2484;2538;2746;2854;2910;3100;3046;2708
Algeria;Femmine;20;19;20;22;18;0;34;41;40;44;45;57;68;70;82;91;92;105;124;143;154;164;190;213;210;216;207;191
Algeria;Maschi;54;62;68;80;38;0;184;198;195;207;271;395;410;449;512;457;286;345;396;406;420;435;441;454;457;462;426;329
Altre nazioni o n.d.;Femmine;72;67;65;61;0;74;10;56;51;45;0;0;2;2;2;1;0;0;0;0;0;0;0;0;0;0;0;0
Altre nazioni o n.d.;Maschi;96;97;96;94;0;127;5;88;81;75;0;0;1;1;1;1;0;0;0;0;0;0;0;0;0;0;0;0
Andorra;Maschi;0;0;0;0;0;0;1;1;1;1;1;1;1;1;1;1;0;0;0;0;0;0;0;0;0;0;0;0
Angola;Femmine;0;0;0;3;8;0;8;9;9;10;13;12;14;16;23;26;23;22;20;17;16;15;18;17;18;25;24;23
Angola;Maschi;1;1;2;5;12;0;17;19;21;19;20;25;27;23;30;35;30;32;30;29;30;26;27;27;27;27;27;23
Antigua e Barbuda;Femmine;0;0;0;0;2;0;0;0;0;0;0;1;1;1;0;0;0;0;0;0;0;0;0;0;0;0;0;0
Antigua e Barbuda;Maschi;1;1;1;1;1;0;1;1;0;0;0;0;0;0;0;0;0;0;0;0;0;0;0;0;0;0;0;0
Apolide;Femmine;26;26;25;23;0;0;19;21;19;15;15;15;11;9;9;9;2;2;2;2;2;2;2;2;2;2;5;5